round,train_loss,train_accuracy,eval_loss,eval_accuracy,f1_score
1,2.3114778995513916,0.22731707990169525,7.2116289138793945,0.4788292646408081,0.40795688866115426
2,1.0650663375854492,0.5560975670814514,2.30417537689209,0.5662438869476318,0.4834026648404798
