round,train_loss,train_accuracy,eval_loss,eval_accuracy,f1_score
1,2.3674137592315674,0.17268292605876923,0.999432384967804,0.5943414568901062,0.5280807980763627
2,1.1221498250961304,0.5131707191467285,1.0247013568878174,0.602146327495575,0.5418265657995145
