round,train_loss,train_accuracy,eval_loss,eval_accuracy,f1_score
1,2.444263458251953,0.16780488193035126,0.9776009917259216,0.6044877767562866,0.5271621049811487
2,1.1649950742721558,0.5014634132385254,1.0190821886062622,0.5941463708877563,0.523924772333251
