round,train_loss,train_accuracy,eval_loss,eval_accuracy,f1_score
1,2.342144727706909,0.20097561180591583,6.805687427520752,0.4807804822921753,0.41764085879447094
2,1.066799283027649,0.5443902611732483,1.83485746383667,0.503219485282898,0.4558898803296601
