round,train_loss,train_accuracy,eval_loss,eval_accuracy,f1_score
1,2.4122517108917236,0.17170731723308563,1.0262541770935059,0.59160977602005,0.5354583584859557
2,1.1024824380874634,0.5131707191467285,1.041679859161377,0.6419512033462524,0.593498556753445
