round,train_loss,train_accuracy,eval_loss,eval_accuracy,f1_score
0,,,2.707303047180176,0.11141463369131088,0.05742262612100805
1,,,1.0597093105316162,0.5129756331443787,0.46238736242294126
2,,,1.0148656368255615,0.6587316989898682,0.5741206810450666
