round,train_loss,train_accuracy,eval_loss,eval_accuracy,f1_score
1,0.22463497519493103,0.915101170539856,0.23174356484413147,0.9123196005821228,0.8738414364751919
